type,Pre-COVID (2017-2019),Post-COVID (2023-2025),Relative Change (×)
PullRequestEvent,86.71177385003732,-8.152971465512861,-0.09
PullRequestReviewEvent,,-9.612848523497927,
PullRequestReviewCommentEvent,15.155755585318987,3.949181262549824,0.26
CommitCommentEvent,0.5623831035543613,-34.254718076937145,-60.91
