type,Pre-COVID (2017-2019),Post-COVID (2023-2025),Relative Change (×)
WatchEvent,44.22375185698981,-71.48831015007995,-1.62
