group,Post,Pre,delta_slope
Code Review,-12.01783920084953,34.143304179636914,-46.16114338048644
Community,-71.48831015007995,44.22375185698981,-115.71206200706976
Core Team,0.7095816190529776,2.1233958391181,-1.4138142200651223
Issues,6.4272924637655215,21.740931391321563,-15.313638927556042
Solo Development,197.6575904030812,160.32820515632778,37.32938524675342
