group,Post,Pre,delta
Code Review,114997.05601357904,38666.269101978694,76330.78691160036
Community,191261.33850630457,105660.8301369863,85600.50836931827
Core Team,14603.592628516004,5192.709817351598,9410.882811164407
Issues,138143.57904946653,67899.6799086758,70243.89914079073
Solo Development,1128180.3937924346,316939.10806697106,811241.2857254635
