type,Pre-COVID (2017-2019),Post-COVID (2023-2025),Relative Change (×)
IssuesEvent,13.088892728643042,34.76984445171018,2.66
IssueCommentEvent,30.392970054000077,-21.915259524179227,-0.72
