type,Pre-COVID (2017-2019),Post-COVID (2023-2025),Relative Change (×)
CreateEvent,111.98371043151626,-36.273201382563855,-0.32
DeleteEvent,27.38784202932541,-26.01093923109285,-0.95
PushEvent,341.61306300814164,655.2569118229011,1.92
